Name,Sku,Length,Width,Height,Weight,FullDescription,Vendor,DeliveryDate,PriceCurrency,Price,OldPriceCurrency,OldPrice,ProductCost,Category,AdminComment,Stock,Picture1,Picture2,Picture3,Picture4,Picture5,Picture6
Commercial blender socket spare parts 767 drive socket driver gear mushroom coupling complete assembly,32674404637,0.1,0.1,0.1,0.2,<div class="loading32"></div>,Ying Qi,13-20 days,NZ$,6.46,NZ$,7.6,0, Blender Parts,https://www.aliexpress.com/item/Commercial-blender-socket-spare-parts-767-drive-socket-driver-gear-mushroom-coupling-complete-assembly/32674404637.html,5764,https://ae01.alicdn.com/kf/HTB1Tp9CKXXXXXXOXFXXq6xXFXXXj/Commercial-blender-socket-spare-parts-767-drive-socket-driver-gear-mushroom-coupling-complete-assembly.jpg,https://ae01.alicdn.com/kf/HTB14hWDKXXXXXceXpXXq6xXFXXXJ/Commercial-blender-socket-spare-parts-767-drive-socket-driver-gear-mushroom-coupling-complete-assembly.jpg,https://ae01.alicdn.com/kf/HTB1ey9sKXXXXXa8XVXXq6xXFXXXw/Commercial-blender-socket-spare-parts-767-drive-socket-driver-gear-mushroom-coupling-complete-assembly.jpg,https://ae01.alicdn.com/kf/HTB1G0SsKXXXXXbOXVXXq6xXFXXXp/Commercial-blender-socket-spare-parts-767-drive-socket-driver-gear-mushroom-coupling-complete-assembly.jpg,https://ae01.alicdn.com/kf/HTB1fyKJKXXXXXaVXpXXq6xXFXXXT/Commercial-blender-socket-spare-parts-767-drive-socket-driver-gear-mushroom-coupling-complete-assembly.jpg,
Plastic Stainless Steel Transparent silver black Blender Blade + Cup Set Blender Part Replacement For Magic Bullet,32754705322,0.18,0.09,0.09,0.23,<div class="loading32"></div>,WarmHome Appliance Shop,14-25 days,NZ$,12.9,NZ$,21.49,0, Blender Parts,https://www.aliexpress.com/item/Plastic-Stainless-Steel-Transparent-silver-black-Blender-Blade-Cup-Set-Blender-Part-Replacement-For-Magic-Bullet/32754705322.html,15,https://ae01.alicdn.com/kf/HTB16rbhPpXXXXXpXFXXq6xXFXXX3/Plastic-Stainless-Steel-Transparent-silver-black-Blender-Blade-Cup-Set-Blender-Part-Replacement-For-Magic-Bullet.jpg,https://ae01.alicdn.com/kf/HTB1U4ivNVXXXXbRapXXq6xXFXXXO/Plastic-Stainless-Steel-Transparent-silver-black-Blender-Blade-Cup-Set-Blender-Part-Replacement-For-Magic-Bullet.jpg,https://ae01.alicdn.com/kf/HTB1Zxy9NVXXXXaxXXXXq6xXFXXXv/Plastic-Stainless-Steel-Transparent-silver-black-Blender-Blade-Cup-Set-Blender-Part-Replacement-For-Magic-Bullet.jpg,https://ae01.alicdn.com/kf/HTB1hvWWNVXXXXbiXpXXq6xXFXXXt/Plastic-Stainless-Steel-Transparent-silver-black-Blender-Blade-Cup-Set-Blender-Part-Replacement-For-Magic-Bullet.jpg,https://ae01.alicdn.com/kf/HTB1lsC7NVXXXXbIXXXXq6xXFXXXT/Plastic-Stainless-Steel-Transparent-silver-black-Blender-Blade-Cup-Set-Blender-Part-Replacement-For-Magic-Bullet.jpg,https://ae01.alicdn.com/kf/HTB1a0WUNVXXXXaoXFXXq6xXFXXXZ/Plastic-Stainless-Steel-Transparent-silver-black-Blender-Blade-Cup-Set-Blender-Part-Replacement-For-Magic-Bullet.jpg
New 767 800 Stainless Steel Hardened Six Mixing and Cutting TWK jtc 767 800 Blades Knife Ice Crusher for Juicer Blender Parts,32621983348,0.3,0.15,0.1,0.12,<div class="loading32"></div>,WF Factory,13-20 days,NZ$,13.58,NZ$,16.97,0, Blender Parts,https://www.aliexpress.com/item/767-800-Stainless-Steel-Hardened-Six-Mixing-and-Cutting-TWK-767-800-Blades-Knife-Ice-Crusher/32621983348.html,3,https://ae01.alicdn.com/kf/HTB1iMBYJVXXXXcQaXXXq6xXFXXXE/New-767-800-Stainless-Steel-Hardened-Six-Mixing-and-Cutting-TWK-jtc-767-800-Blades-Knife.jpg,https://ae01.alicdn.com/kf/HTB1TkelLVXXXXaEaXXXq6xXFXXXO/New-767-800-Stainless-Steel-Hardened-Six-Mixing-and-Cutting-TWK-jtc-767-800-Blades-Knife.jpg,https://ae01.alicdn.com/kf/HTB1IByELVXXXXc0XXXXq6xXFXXXc/New-767-800-Stainless-Steel-Hardened-Six-Mixing-and-Cutting-TWK-jtc-767-800-Blades-Knife.jpg,,,
767 800 Stainless Steel Hardened Six Mixing and Cutting TWK 767 800 Blades Knife Ice Crusher Blades Blender Spare Parts,32492657785,0.01,0.01,0.01,0.2,"<div>	<span style=""color: rgb(192, 0, 0);""><span style=""font-family: arial, helvetica, sans-serif;""><span style=""font-size: 22px;"">Hardened Six Mixing and Cutting TWK 767 800 Blades Knife</span></span></span></div><div>	&nbsp; </div><div>	&nbsp; </div><div>	<span style=""color: rgb(192, 0, 0);""><span style=""font-family: arial, helvetica, sans-serif;""><span style=""font-size: 22px;"">100% brand new!</span></span></span></div><div>	&nbsp; </div><div>	<span style=""color: rgb(192, 0, 0);""><span style=""font-family: arial, helvetica, sans-serif;""><span style=""font-size: 22px;"">Item suitable for TWK TM-767 TM-800,JTC 767,800</span></span></span></div><div>	&nbsp; </div><div>	<span style=""color: rgb(192, 0, 0);""><span style=""font-family: arial, helvetica, sans-serif;""><span style=""font-size: 22px;"">Item pakage include 1 piece blade</span></span></span></div><div>	&nbsp; </div><div>	<span style=""color: rgb(192, 0, 0);""><span style=""font-family: arial, helvetica, sans-serif;""><span style=""font-size: 22px;"">NOTE:please leave a message to tell us your need,otherwise we randomly send! Thank you !</span></span></span></div><div style=""text-align: center;"">	<img alt=""767 800 Stainless Steel Hardened Six Mixing and Cutting TWK 767 800 Blades Knife Ice Crusher Blades Blender Spare Parts (1)"" src=""https://ae01.alicdn.com/kf/HTB1YBfdJVXXXXcjXXXXq6xXFXXXC/224770321/HTB1YBfdJVXXXXcjXXXXq6xXFXXXC.jpg?size=89590&amp;height=679&amp;width=800&amp;hash=19a81a64d301ef02cdd4bfe0a47791be""></div><div style=""text-align: center;"">	<img alt=""767 800 Stainless Steel Hardened Six Mixing and Cutting TWK 767 800 Blades Knife Ice Crusher Blades Blender Spare Parts (3)"" src=""https://ae01.alicdn.com/kf/HTB1OIK_JVXXXXabXpXXq6xXFXXXd/224770321/HTB1OIK_JVXXXXabXpXXq6xXFXXXd.jpg?size=68611&amp;height=683&amp;width=800&amp;hash=58be3e2484efac2ffb9a0eece7939c67""></div><div style=""text-align: center;"">	<img alt=""767 800 Stainless Steel Hardened Six Mixing and Cutting TWK 767 800 Blades Knife Ice Crusher Blades Blender Spare Parts (2)"" src=""https://ae01.alicdn.com/kf/HTB1GMPdJVXXXXbOXXXXq6xXFXXXL/224770321/HTB1GMPdJVXXXXbOXXXXq6xXFXXXL.jpg?size=68114&amp;height=642&amp;width=800&amp;hash=e8969825d8e3cdeb1f487a7f1246168c""></div>",Ying Qi,13-20 days,NZ$,13.58,NZ$,27.14,0, Blender Parts,https://www.aliexpress.com/item/767-800-Stainless-Steel-Hardened-Six-Mixing-and-Cutting-TWK-767-800-Blades-Knife-Ice-Crusher/32492657785.html,850,https://ae01.alicdn.com/kf/HTB1apO8JVXXXXcMXpXXq6xXFXXX9/767-800-Stainless-Steel-Hardened-Six-Mixing-and-Cutting-TWK-767-800-Blades-Knife-Ice-Crusher.jpg,https://ae01.alicdn.com/kf/HTB1SP0aJFXXXXbJXVXXq6xXFXXX5/767-800-Stainless-Steel-Hardened-Six-Mixing-and-Cutting-TWK-767-800-Blades-Knife-Ice-Crusher.jpg,https://ae01.alicdn.com/kf/HTB1wNbeJVXXXXbZXXXXq6xXFXXX3/767-800-Stainless-Steel-Hardened-Six-Mixing-and-Cutting-TWK-767-800-Blades-Knife-Ice-Crusher.jpg,,,
1 piece Plastic Shaft Blade Foot Seat replacement for philips HR2003 hr2004 hr2006 hr2024 hr2027 Blender Knife,32749920493,0.1,0.05,0.15,0.11,,"Shenzhen Steve Technology Co., Ltd.",13-20 days,NZ$,8.21,NZ$,13.68,0, Blender Parts,https://www.aliexpress.com/item/1-piece-Plastic-Shaft-Blade-Foot-Seat-replacement-for-philips-HR2003-hr2004-hr2006-hr2024-hr2027-Blender/32749920493.html,112,https://ae01.alicdn.com/kf/HTB1wMMBNFXXXXaCXXXXq6xXFXXXX/1-piece-Plastic-Shaft-Blade-Foot-Seat-replacement-for-philips-HR2003-hr2004-hr2006-hr2024-hr2027-Blender.jpg,https://ae01.alicdn.com/kf/HTB16f.qNFXXXXckXpXXq6xXFXXXi/1-piece-Plastic-Shaft-Blade-Foot-Seat-replacement-for-philips-HR2003-hr2004-hr2006-hr2024-hr2027-Blender.jpg,https://ae01.alicdn.com/kf/HTB1IJb4NFXXXXXaapXXq6xXFXXXt/1-piece-Plastic-Shaft-Blade-Foot-Seat-replacement-for-philips-HR2003-hr2004-hr2006-hr2024-hr2027-Blender.jpg,https://ae01.alicdn.com/kf/HTB1.9ZhNFXXXXcuXFXXq6xXFXXXa/1-piece-Plastic-Shaft-Blade-Foot-Seat-replacement-for-philips-HR2003-hr2004-hr2006-hr2024-hr2027-Blender.jpg,,
commercial blender parts Suitable for JUST BUY blender spare parts drive socket driver gear mushroom coupling complete assembly,32391249816,0.41,0.29,0.35,0.12,"<div>	<strong><span style=""color: rgb(255, 0, 0);""><span style=""font-size: 28px;""><span style=""font-family: arial;""><span style=""font-family: tahoma, geneva, sans-serif; font-style: inherit; font-weight: inherit; line-height: 48px;"">Hot Selling Product,Click Picture To Know More:</span></span></span></span></strong></div><div>	<div style=""font-family: arial;"">		&nbsp; 	</div>	<div style=""font-family: arial;"">		<a href=""https://www.aliexpress.com/item/BPA-free-3HP-2L-heavy-duty-commercial-blender-professional-power-blender-mixer-juicer-food-processor-with/32678203764.html?spm=2114.01010208.3.19.mEZSkp&amp;ws_ab_test=searchweb0_0,searchweb201602_2_10066_10056_10065_10068_10055_10054_10069_10059_10073_10017_10070_10060_10061_10052_10062_10053_10050_10051,searchweb201603_1&amp;btsid=058c99d2-72b9-40a0-8a7f-2d404badd965""><img alt=""guanlian1"" height=""500"" src=""https://ae01.alicdn.com/kf/HTB1Vc.XKFXXXXbrXXXXq6xXFXXXP/206063348/HTB1Vc.XKFXXXXbrXXXXq6xXFXXXP.jpg?size=66542&amp;height=608&amp;width=368&amp;hash=7866cbf98ecf0804f41b6703eecbd034"" width=""300""></a>&nbsp;&nbsp;&nbsp;<a href=""https://www.aliexpress.com/store/product/3HP-BPA-Free-commercial-home-professional-smoothies-power-blender-food-mixer-juicer-fruit-processor/732744_32743351535.html""><img alt=""2"" height=""500"" src=""https://ae01.alicdn.com/kf/HTB11kmENFXXXXaLXFXXq6xXFXXXb/206063348/HTB11kmENFXXXXaLXFXXq6xXFXXXb.jpg?size=72324&amp;height=607&amp;width=361&amp;hash=c2745a268d2c7e56018259bcbba886f6"" width=""300""></a>&nbsp;&nbsp;&nbsp;<a href=""https://www.aliexpress.com/store/product/AC-Motor-450W-kitchen-food-garbage-disposal-crusher-food-waste-disposers-Stainless-steel-Grinder-material-kitchen/732744_32747271143.html""><img alt=""gunalian3"" height=""500"" src=""https://ae01.alicdn.com/kf/HTB1fJ01NFXXXXaDXVXXq6xXFXXXw/206063348/HTB1fJ01NFXXXXaDXVXXq6xXFXXXw.jpg?size=50431&amp;height=608&amp;width=373&amp;hash=b041b8e8c973478429f67bc4330c1eaf"" width=""300""></a>	</div>	<div style=""font-family: arial;"">		&nbsp; 	</div>	<div style=""font-family: arial;"">		<span style=""color: rgb(0, 0, 0); font-family: Arial, Helvetica, sans-serif; font-size: 16px; line-height: 20px; background-color: rgb(146, 208, 80);"">Parameters:</span>	</div></div><p style=""padding-bottom: 0px; margin: 0px; padding-left: 0px; padding-right: 0px; word-wrap: break-word; color: rgb(0,0,0); padding-top: 0px"">	<span style=""color: rgb(51, 51, 51);""><img alt=""mo"" src=""https://ae01.alicdn.com/kf/HTB16ZiSNpXXXXaIaXXXq6xXFXXXd/206063348/HTB16ZiSNpXXXXaIaXXXq6xXFXXXd.jpg?size=88874&amp;height=800&amp;width=800&amp;hash=c2ab3f3fa2ae154a05706d9046590e68"">&nbsp; &nbsp; &nbsp; &nbsp; &nbsp; &nbsp; &nbsp; &nbsp; &nbsp; &nbsp;</span></p><p style=""padding-bottom: 0px; margin: 0px; padding-left: 0px; padding-right: 0px; word-wrap: break-word; color: rgb(0,0,0); padding-top: 0px"">	<span style=""color: rgb(51, 51, 51);""><img alt="""" src=""https://ae01.alicdn.com/kf/HTB1lM_hNpXXXXahXpXXq6xXFXXXO/206063348/HTB1lM_hNpXXXXahXpXXq6xXFXXXO.jpg?size=81388&amp;height=562&amp;width=1000&amp;hash=1f42a5cc049d045fbf835666955bcd87""></span></p><p style=""padding-bottom: 0px; margin: 0px; padding-left: 0px; padding-right: 0px; word-wrap: break-word; color: rgb(0,0,0); padding-top: 0px"">	<img alt="""" src=""https://ae01.alicdn.com/kf/HTB1qk9RNpXXXXbcaXXXq6xXFXXXi/206063348/HTB1qk9RNpXXXXbcaXXXq6xXFXXXi.jpg?size=61507&amp;height=562&amp;width=1000&amp;hash=da31bf723a99ee71d299cc3e567a4d05"" style=""color: rgb(51, 51, 51);""></p><p style=""padding-bottom: 0px; margin: 0px; padding-left: 0px; padding-right: 0px; word-wrap: break-word; color: rgb(0,0,0); padding-top: 0px"">	&nbsp; </p><p style=""padding-bottom: 0px; margin: 0px; padding-left: 0px; padding-right: 0px; word-wrap: break-word; color: rgb(0,0,0); padding-top: 0px"">	<img src=""https://ae01.alicdn.com/img/pb/038/196/974/974196038_677.jpg?size=118426&amp;height=410&amp;width=800&amp;hash=fb5137951e3607c6b62e5d60355646d2""></p><p>	&nbsp; </p>",SKT Group,14-25 days,NZ$,9.33,,0,0, Blender Parts,https://www.aliexpress.com/item/blender-parts-JTC-spare-parts-TM767-TM800A-drive-socket-driver-gear-mushroom-coupling-complete-assembly/32391249816.html,1582,https://ae01.alicdn.com/kf/HTB10eOTNFXXXXbIapXXq6xXFXXXK/commercial-blender-parts-Suitable-for-JUST-BUY-blender-spare-parts-drive-socket-driver-gear-mushroom-coupling.jpg,,,,,
3PCS/1SET Stainless Steel Silver Black Blade+Sealing Ring Gasket+Base Bottom Cap 6 Point Blade For Oster Blender,32731107856,0.13,0.12,0.1,0.16,"<div style=""width:100%"">  <span style=""font-family:Arial;font-size:16px;""><img alt=""aeProduct.getSubject()"" src=""https://ae01.alicdn.com/kf/HTB19PprNXXXXXbnXXXXq6xXFXXXO/227855187/HTB19PprNXXXXXbnXXXXq6xXFXXXO.jpg""><br> <br> <br> <img alt=""aeProduct.getSubject()"" src=""https://ae01.alicdn.com/kf/HTB1J0I8MVXXXXXbXVXXq6xXFXXXC/227855187/HTB1J0I8MVXXXXXbXVXXq6xXFXXXC.jpg""></span> <br>  <div>   <span style=""font-family:Arial;font-size:16px;""><span style=""font-size:16px;font-family:arial,helvetica,sans-serif;"">Features:<br> -The blade is made of food grade stainless steel, high hardness, not easy to break, no gap<br> - Blade is not easy to rust, waterproof<br> -Blade edge is divided into upper and lower sides, better mixing effect<br> -Blade surface for electrolytic treatment, smooth and bright, not easy to scrape<br> <br> Specifications:<br> <span style=""color:#ff0000;"">Material:stainless steel<br> Color:silver,black<br> Size:50x43mm<br> Fit for:Oster Blenders</span><br> <br> Note:<br> Please forgive the 2-3mm error by mauual measurement<br> <br> <strong>Package includes:<br> 1x Blender<br> 1x Sealing Ring<br> 1x Base Bottom Cap</strong></span></span>  </div>  <div>   &nbsp;  </div>  <br>  <span style=""font-family:Arial;font-size:16px;""><img alt=""aeProduct.getSubject()"" src=""https://ae01.alicdn.com/kf/HTB1W5s9MVXXXXcFXFXXq6xXFXXXG/227855187/HTB1W5s9MVXXXXcFXFXXq6xXFXXXG.jpg""></span> <br>  <br>  <div style=""text-align: center;"">   <span style=""font-family:Arial;font-size:16px;""><img src=""https://ae01.alicdn.com/kf/HTB1XFSSNXXXXXaMaXXXq6xXFXXX1/227855187/HTB1XFSSNXXXXXaMaXXXq6xXFXXX1.jpg"" alt=""aeProduct.getSubject()""></span>  </div>  <br>  <div style=""text-align: center;"">   <span style=""font-family:Arial;font-size:16px;""><img src=""https://ae01.alicdn.com/kf/HTB12E14NXXXXXbrXFXXq6xXFXXX9/227855187/HTB12E14NXXXXXbrXFXXq6xXFXXX9.jpg"" alt=""aeProduct.getSubject()""></span>  </div>  <br>  <div style=""text-align: center;"">   <span style=""font-family:Arial;font-size:16px;""><img src=""https://ae01.alicdn.com/kf/HTB1jWeENXXXXXcOaXXXq6xXFXXXo/227855187/HTB1jWeENXXXXXcOaXXXq6xXFXXXo.jpg"" alt=""aeProduct.getSubject()""></span>  </div>  <br>  <div style=""text-align: center;"">   <span style=""font-family:Arial;font-size:16px;""><img src=""https://ae01.alicdn.com/kf/HTB1EIy3NXXXXXcNXFXXq6xXFXXXd/227855187/HTB1EIy3NXXXXXcNXFXXq6xXFXXXd.jpg"" alt=""aeProduct.getSubject()""></span>  </div>  <br>  <div style=""text-align: center;"">   <span style=""font-family:Arial;font-size:16px;""><img src=""https://ae01.alicdn.com/kf/HTB1bM5GNXXXXXbQaXXXq6xXFXXXn/227855187/HTB1bM5GNXXXXXbQaXXXq6xXFXXXn.jpg"" alt=""aeProduct.getSubject()""></span>  </div>  <br>  <div style=""text-align: center;"">   <span style=""font-family:Arial;font-size:16px;""><img src=""https://ae01.alicdn.com/kf/HTB1QuuHNXXXXXaMapXXq6xXFXXXJ/227855187/HTB1QuuHNXXXXXaMapXXq6xXFXXXJ.jpg"" alt=""aeProduct.getSubject()""></span>  </div>  <br>  <div style=""text-align: center;"">   <br>   <span style=""font-family:Arial;font-size:16px;""><img src=""https://ae01.alicdn.com/kf/HTB1wMzgNXXXXXadXXXXq6xXFXXXC/227855187/HTB1wMzgNXXXXXadXXXXq6xXFXXXC.jpg"" alt=""aeProduct.getSubject()""></span>  </div>  <br>  <div style=""text-align: center;"">   <span style=""font-family:Arial;font-size:16px;""><img src=""https://ae01.alicdn.com/kf/HTB1USeTNXXXXXc1XVXXq6xXFXXXL/227855187/HTB1USeTNXXXXXc1XVXXq6xXFXXXL.jpg"" alt=""aeProduct.getSubject()""></span>  </div>  <br>  <div style=""text-align: center;"">   <span style=""font-family:Arial;font-size:16px;""><img src=""https://ae01.alicdn.com/kf/HTB1Ee5INXXXXXarapXXq6xXFXXXu/227855187/HTB1Ee5INXXXXXarapXXq6xXFXXXu.jpg"" alt=""aeProduct.getSubject()""></span>  </div>  <br>  <div style=""text-align: center;"">   <span style=""font-family:Arial;font-size:16px;""><img src=""https://ae01.alicdn.com/kf/HTB1voSWNXXXXXbHXVXXq6xXFXXXZ/227855187/HTB1voSWNXXXXXbHXVXXq6xXFXXXZ.jpg"" alt=""aeProduct.getSubject()""></span>  </div>  <br>  <span style=""font-family:Arial;font-size:16px;""><img alt=""aeProduct.getSubject()"" src=""https://ae01.alicdn.com/kf/HTB1jMM1MVXXXXcnXVXXq6xXFXXXS/227855187/HTB1jMM1MVXXXXcnXVXXq6xXFXXXS.jpg""><img alt=""aeProduct.getSubject()"" src=""https://ae01.alicdn.com/kf/HTB1pwXtNXXXXXaVXXXXq6xXFXXXC/227855187/HTB1pwXtNXXXXXaVXXXXq6xXFXXXC.jpg""><a href=""http://www.aliexpress.com/store/group/Family-Appliances/2406010_509583046.html?spm=2114.8147860.0.95.38JoCh""><img alt=""aeProduct.getSubject()"" src=""https://ae01.alicdn.com/kf/HTB1wMBtNXXXXXaRXXXXq6xXFXXXV/227855187/HTB1wMBtNXXXXXaRXXXXq6xXFXXXV.jpg""></a><a href=""http://www.aliexpress.com/store/group/Kitchen-Appliances/2406010_509330032.html""><img alt=""aeProduct.getSubject()"" src=""https://ae01.alicdn.com/kf/HTB1q0FuNXXXXXaEXXXXq6xXFXXXT/227855187/HTB1q0FuNXXXXXaEXXXXq6xXFXXXT.jpg""></a><a href=""http://www.aliexpress.com/store/group/Air-Conditioning-Appliances/2406010_509924095.html""><img alt=""aeProduct.getSubject()"" src=""https://ae01.alicdn.com/kf/HTB11Vw1MVXXXXceXVXXq6xXFXXXK/227855187/HTB11Vw1MVXXXXceXVXXq6xXFXXXK.jpg""></a><a href=""http://www.aliexpress.com/store/group/Personnal-Appliances/2406010_509948003.html""><img alt=""aeProduct.getSubject()"" src=""https://ae01.alicdn.com/kf/HTB176s1MVXXXXciXVXXq6xXFXXXc/227855187/HTB176s1MVXXXXciXVXXq6xXFXXXc.jpg""></a><img alt=""aeProduct.getSubject()"" src=""https://ae01.alicdn.com/kf/HTB11yNvNXXXXXXOXXXXq6xXFXXXb/227855187/HTB11yNvNXXXXXXOXXXXq6xXFXXXb.jpg""><img alt=""aeProduct.getSubject()"" src=""https://ae01.alicdn.com/kf/HTB1vL4cNXXXXXX9XFXXq6xXFXXXc/227855187/HTB1vL4cNXXXXXX9XFXXq6xXFXXXc.jpg""><img alt=""aeProduct.getSubject()"" src=""https://ae01.alicdn.com/kf/HTB1ZbU4MVXXXXaYXVXXq6xXFXXX0/227855187/HTB1ZbU4MVXXXXaYXVXXq6xXFXXX0.jpg""><img alt=""aeProduct.getSubject()"" src=""https://ae01.alicdn.com/kf/HTB1aRdmNXXXXXXpXpXXq6xXFXXXo/227855187/HTB1aRdmNXXXXXXpXpXXq6xXFXXXo.jpg""><img alt=""aeProduct.getSubject()"" src=""https://ae01.alicdn.com/kf/HTB1zsE4MVXXXXbnXVXXq6xXFXXXL/227855187/HTB1zsE4MVXXXXbnXVXXq6xXFXXXL.jpg""><img alt=""aeProduct.getSubject()"" src=""https://ae01.alicdn.com/kf/HTB1kyNsNXXXXXXNXXXXq6xXFXXXg/227855187/HTB1kyNsNXXXXXXNXXXXq6xXFXXXg.jpg""><img alt=""aeProduct.getSubject()"" src=""https://ae01.alicdn.com/kf/HTB1QS8sNXXXXXa8XXXXq6xXFXXXo/227855187/HTB1QS8sNXXXXXa8XXXXq6xXFXXXo.jpg""><img alt=""aeProduct.getSubject()"" src=""https://ae01.alicdn.com/kf/HTB1XuoGMVXXXXXyaFXXq6xXFXXXG/227855187/HTB1XuoGMVXXXXXyaFXXq6xXFXXXG.jpg""><img alt=""aeProduct.getSubject()"" src=""https://ae01.alicdn.com/kf/HTB1SrZMMVXXXXchaXXXq6xXFXXXQ/227855187/HTB1SrZMMVXXXXchaXXXq6xXFXXXQ.jpg""></span></div>",Make It Happen Store,14-25 days,NZ$,7.16,NZ$,8.96,0, Blender Parts,https://www.aliexpress.com/item/3PCS-Stainless-Steel-Silver-Black-Blade-Sealing-Ring-Gasket-Base-Bottom-Cap-6-Point-Blade-For/32731107856.html,50,https://ae01.alicdn.com/kf/HTB1D9odPpXXXXarXVXXq6xXFXXXO/3PCS-1SET-Stainless-Steel-Silver-Black-Blade-Sealing-Ring-Gasket-Base-Bottom-Cap-6-Point-Blade.jpg,https://ae01.alicdn.com/kf/HTB1tyu4NXXXXXapXpXXq6xXFXXXU/3PCS-1SET-Stainless-Steel-Silver-Black-Blade-Sealing-Ring-Gasket-Base-Bottom-Cap-6-Point-Blade.jpg,https://ae01.alicdn.com/kf/HTB1zweYNXXXXXaTXVXXq6xXFXXXm/3PCS-1SET-Stainless-Steel-Silver-Black-Blade-Sealing-Ring-Gasket-Base-Bottom-Cap-6-Point-Blade.jpg,https://ae01.alicdn.com/kf/HTB1wDe3NXXXXXcjXFXXq6xXFXXXh/3PCS-1SET-Stainless-Steel-Silver-Black-Blade-Sealing-Ring-Gasket-Base-Bottom-Cap-6-Point-Blade.jpg,https://ae01.alicdn.com/kf/HTB1qQ5CNXXXXXX0aFXXq6xXFXXX7/3PCS-1SET-Stainless-Steel-Silver-Black-Blade-Sealing-Ring-Gasket-Base-Bottom-Cap-6-Point-Blade.jpg,https://ae01.alicdn.com/kf/HTB1RLGHNXXXXXbFapXXq6xXFXXX6/3PCS-1SET-Stainless-Steel-Silver-Black-Blade-Sealing-Ring-Gasket-Base-Bottom-Cap-6-Point-Blade.jpg
pc 596 Shaver Foil fits BRAUN 1000 2000 series 100 205 209 1008 1508 1509 1512 2035 2040 2060 2540 2560 5596 5597Shaver razor,32600253166,0.13,0.09,0.08,0.06,"<div style=""word-wrap: break-word;color: #000000;font-family: arial;"">	<div style=""word-wrap: break-word;"">		<div style=""word-wrap: break-word;"">			<div style=""word-wrap: break-word;overflow: hidden;"">				<div style=""word-wrap: break-word;"">					<div style=""word-wrap: break-word;"">						<h2 style=""margin: 0.0px;padding: 0.0px 10.0px 10.0px 0.0px;font-size: 2.0em;font-weight: 400;line-height: 1;font-family: arial , helvetica;color: #264176;border: 0.0px;vertical-align: baseline;background: #eff4fa;"">							<span style=""line-height: inherit;margin: 0.0px;padding: 0.0px;border: 0.0px;font-size: inherit;font-style: inherit;font-weight: inherit;vertical-align: baseline;color: #0000ff;""><span style=""line-height: inherit;margin: 0.0px;padding: 0.0px;border: 0.0px;font-size: 16.0px;font-style: inherit;font-weight: inherit;vertical-align: baseline;"">Description:</span></span>						</h2>						<h2 style=""margin: 0.0px;padding: 0.0px 10.0px 10.0px 0.0px;font-size: 2.0em;font-weight: 400;line-height: 1;font-family: arial , helvetica;color: #264176;border: 0.0px;vertical-align: baseline;background: #eff4fa;"">							<span style=""line-height: inherit;font-size: 16.0px;font-style: inherit;font-weight: inherit;"">Condition &nbsp;Brand new&nbsp;</span>						</h2>						<h2 style=""margin: 0.0px;padding: 0.0px 10.0px 10.0px 0.0px;font-size: 2.0em;font-weight: 400;line-height: 1;font-family: arial , helvetica;color: #264176;border: 0.0px;vertical-align: baseline;background: #eff4fa;"">							<span style=""line-height: inherit;font-size: 16.0px;font-style: inherit;font-weight: inherit;"">Place of origin:China( Mainland )</span><span style=""line-height: inherit;font-size: 16.0px;font-style: inherit;font-weight: inherit;margin: 0.0px;padding: 0.0px;border: 0.0px;vertical-align: baseline;"">Compatible model &nbsp;for Bleum&nbsp;</span><span style=""line-height: inherit;font-size: inherit;font-style: inherit;font-weight: inherit;"">100 105 150 155 205 209 255 259 512 596&nbsp;</span>						</h2>						<div style=""word-wrap: break-word;font-style: inherit;font-weight: inherit;line-height: inherit;margin: 0.0px;padding: 0.0px;border: 0.0px;font-size: 18.0px;vertical-align: baseline;"">							<span style=""line-height: inherit;margin: 0.0px;padding: 0.0px;border: 0.0px;font-family: comic sans ms;font-size: inherit;font-style: inherit;font-weight: inherit;vertical-align: baseline;"">1007 1008 1012 1013 1501 1507 1508 1509 1512&nbsp;</span>						</div>						<div style=""word-wrap: break-word;margin: 0.0px;padding: 0.0px;border: 0.0px;font-family: arial , helvetica;"">							<div style=""word-wrap: break-word;margin: 0.0px;padding: 0.0px;border: 0.0px;font-size: 18.0px;font-style: inherit;font-weight: inherit;line-height: inherit;vertical-align: baseline;"">								<span style=""line-height: inherit;margin: 0.0px;padding: 0.0px;border: 0.0px;font-family: comic sans ms;font-size: inherit;font-style: inherit;font-weight: inherit;vertical-align: baseline;"">2035 2040 2060 2540 2560&nbsp;</span>							</div>							<div style=""word-wrap: break-word;margin: 0.0px;padding: 0.0px;border: 0.0px;"">								<div style=""word-wrap: break-word;margin: 0.0px;padding: 0.0px;border: 0.0px;font-size: 18.0px;font-style: inherit;font-weight: inherit;line-height: inherit;vertical-align: baseline;"">									<span style=""line-height: inherit;margin: 0.0px;padding: 0.0px;border: 0.0px;font-family: comic sans ms;font-size: inherit;font-style: inherit;font-weight: inherit;vertical-align: baseline;"">5461 5462 5463 5464 5459 5596 5597</span>								</div>								<div style=""word-wrap: break-word;margin: 0.0px;padding: 0.0px;border: 0.0px;font-family: arial , helvetica;line-height: 18.0px;vertical-align: baseline;"">									&nbsp; 								</div>								<div style=""word-wrap: break-word;margin: 0.0px;padding: 0.0px;border: 0.0px;font-family: arial , helvetica;line-height: 18.0px;vertical-align: baseline;"">									<span style=""line-height: inherit;margin: 0.0px;padding: 0.0px;border: 0.0px;font-size: 16.0px;font-style: inherit;font-weight: inherit;vertical-align: baseline;""><span style=""line-height: 24.0px;margin: 0.0px;padding: 0.0px;border: 0.0px;font-size: inherit;font-style: inherit;font-weight: inherit;vertical-align: baseline;""><span style=""line-height: inherit;margin: 0.0px;padding: 0.0px;border: 0.0px;font-size: inherit;font-style: inherit;font-weight: inherit;vertical-align: baseline;color: #0000ff;"">package:</span></span></span>								</div>								<div style=""word-wrap: break-word;margin: 0.0px;padding: 0.0px;border: 0.0px;font-family: arial , helvetica;line-height: 18.0px;vertical-align: baseline;"">									<span style=""line-height: 24.0px;font-style: inherit;font-weight: inherit;margin: 0.0px;padding: 0.0px;border: 0.0px;font-size: 16.0px;vertical-align: baseline;"">1*</span><span style=""line-height: 24.0px;font-style: inherit;font-weight: inherit;margin: 0.0px;padding: 0.0px;border: 0.0px;font-size: 16.0px;vertical-align: baseline;"">Razor Mesh Enclosure&nbsp;</span>								</div>								<p style=""margin: 0.0px;padding: 0.0px;word-wrap: break-word;border: 0.0px;font-family: arial , helvetica;line-height: 18.0px;vertical-align: baseline;"">									<span style=""line-height: inherit;margin: 0.0px;padding: 0.0px;border: 0.0px;font-family: verdana;font-size: inherit;font-style: inherit;font-weight: inherit;vertical-align: baseline;""><span style=""line-height: inherit;margin: 0.0px;padding: 0.0px;border: 0.0px;font-size: 16.0px;font-style: inherit;font-weight: inherit;vertical-align: baseline;""><span style=""line-height: 24.0px;margin: 0.0px;padding: 0.0px;border: 0.0px;font-size: inherit;font-style: inherit;font-weight: 700;vertical-align: baseline;""><span style=""line-height: inherit;margin: 0.0px;padding: 0.0px;border: 0.0px;font-size: inherit;font-style: inherit;font-weight: inherit;vertical-align: baseline;background-color: #ff6600;"">Return&nbsp;Policy:</span></span><br>									We&nbsp;do&nbsp;our&nbsp;best&nbsp;to&nbsp;serve&nbsp;our&nbsp;each&nbsp;customer&nbsp;the&nbsp;best&nbsp;that&nbsp;we&nbsp;can.<br>									We&nbsp;will&nbsp;refund&nbsp;you&nbsp;for&nbsp;items&nbsp;returned&nbsp;wihin&nbsp;7&nbsp;days&nbsp;of&nbsp;you&nbsp;receiving&nbsp;them,&nbsp;for&nbsp;any&nbsp;reason.&nbsp;A&nbsp;full&nbsp;refund&nbsp;will&nbsp;be&nbsp;given&nbsp;if&nbsp;items&nbsp;are&nbsp;returned&nbsp;in&nbsp;their&nbsp;original&nbsp;condition.<br>									Merchandise&nbsp;which&nbsp;is&nbsp;damaged&nbsp;or&nbsp;missing&nbsp;components&nbsp;is&nbsp;not&nbsp;refundable.<br>									Buyers&nbsp;are&nbsp;responsible&nbsp;for&nbsp;return&nbsp;shipping&nbsp;with&nbsp;proper&nbsp;packaging.<br>									On&nbsp;receiving&nbsp;items,&nbsp;we&nbsp;will&nbsp;refund&nbsp;you&nbsp;immediately.</span></span>								</p>								<p style=""margin: 0.0px;padding: 0.0px;word-wrap: break-word;border: 0.0px;font-family: arial , helvetica;line-height: 18.0px;vertical-align: baseline;"">									<span style=""line-height: inherit;margin: 0.0px;padding: 0.0px;border: 0.0px;font-family: verdana;font-size: inherit;font-style: inherit;font-weight: inherit;vertical-align: baseline;""><span style=""line-height: inherit;margin: 0.0px;padding: 0.0px;border: 0.0px;font-size: 16.0px;font-style: inherit;font-weight: inherit;vertical-align: baseline;"">&nbsp;</span></span>								</p>								<p style=""margin: 0.0px;padding: 0.0px;word-wrap: break-word;border: 0.0px;font-family: arial , helvetica;line-height: 18.0px;vertical-align: baseline;"">									<span style=""line-height: inherit;margin: 0.0px;padding: 0.0px;border: 0.0px;font-family: verdana;font-size: inherit;font-style: inherit;font-weight: inherit;vertical-align: baseline;""><span style=""line-height: inherit;margin: 0.0px;padding: 0.0px;border: 0.0px;font-size: 16.0px;font-style: inherit;font-weight: inherit;vertical-align: baseline;""><span style=""line-height: inherit;margin: 0.0px;padding: 0.0px;border: 0.0px;font-size: inherit;font-style: inherit;font-weight: inherit;vertical-align: baseline;background-color: #ff6600;""><span style=""line-height: 24.0px;margin: 0.0px;padding: 0.0px;border: 0.0px;font-size: inherit;font-style: inherit;font-weight: 700;vertical-align: baseline;"">Warranty&nbsp;&amp;Maintenance:</span></span><br>									We&nbsp;provide&nbsp;1&nbsp;month&nbsp;maintenance&nbsp;warranties.&nbsp;.<br>									Buyers&nbsp;are&nbsp;only&nbsp;responsible&nbsp;for&nbsp;the&nbsp;return&nbsp;shipping&nbsp;fees&nbsp;for&nbsp;warranty&nbsp;items.(In&nbsp;most&nbsp;cases,&nbsp;buyer&nbsp;will&nbsp;only&nbsp;have&nbsp;to&nbsp;return&nbsp;the&nbsp;problem&nbsp;components&nbsp;rather&nbsp;than&nbsp;the&nbsp;entire&nbsp;package.).&nbsp;<br>									Before&nbsp;returning&nbsp;items,&nbsp;please&nbsp;make&nbsp;sure&nbsp;you&nbsp;get&nbsp;our&nbsp;(the&nbsp;sellerâ€™s)&nbsp;return&nbsp;address,&nbsp;and&nbsp;write&nbsp;â€œgiftâ€?nbsp;on&nbsp;the&nbsp;delivery&nbsp;detail&nbsp;sheet.&nbsp;Please&nbsp;use&nbsp;regular&nbsp;postal&nbsp;service&nbsp;and&nbsp;send&nbsp;us&nbsp;the&nbsp;tracking&nbsp;number.&nbsp;As&nbsp;soon&nbsp;as&nbsp;we&nbsp;receive&nbsp;the&nbsp;items,&nbsp;we&nbsp;will&nbsp;repair&nbsp;or&nbsp;exchange&nbsp;them&nbsp;ASAP.</span></span>								</p>								<p style=""margin: 0.0px;padding: 0.0px;word-wrap: break-word;border: 0.0px;font-family: arial , helvetica;line-height: 18.0px;vertical-align: baseline;"">									<span style=""line-height: inherit;margin: 0.0px;padding: 0.0px;border: 0.0px;font-family: verdana;font-size: inherit;font-style: inherit;font-weight: inherit;vertical-align: baseline;""><span style=""line-height: inherit;margin: 0.0px;padding: 0.0px;border: 0.0px;font-size: 16.0px;font-style: inherit;font-weight: inherit;vertical-align: baseline;"">&nbsp;<br>									<span style=""line-height: 24.0px;margin: 0.0px;padding: 0.0px;border: 0.0px;font-size: inherit;font-style: inherit;font-weight: 700;vertical-align: baseline;""><span style=""line-height: inherit;margin: 0.0px;padding: 0.0px;border: 0.0px;font-size: inherit;font-style: inherit;font-weight: inherit;vertical-align: baseline;background-color: #ff6600;"">Feedback:</span></span><br>									You&nbsp;satisfaction&nbsp;is&nbsp;very&nbsp;important&nbsp;for&nbsp;us,&nbsp;we&nbsp;sincerely&nbsp;invite&nbsp;you&nbsp;to&nbsp;leave&nbsp;positive&nbsp;feedback&nbsp;for&nbsp;us&nbsp;if&nbsp;you&nbsp;are&nbsp;satisfied&nbsp;with&nbsp;our&nbsp;product&nbsp;and&nbsp;service.&nbsp;Thank&nbsp;you!</span></span>								</p>							</div>						</div>					</div>				</div>			</div>		</div>	</div></div><p>	&nbsp; </p><p>	&nbsp; </p>",Global fitting square,14-25 days,NZ$,8.22,,0,0, Blender Parts,https://www.aliexpress.com/item/pc-596-Shaver-Foil-fits-BRAUN-1000-2000-series-100-205-209-1008-1508-1509-1512/32600253166.html,917,https://ae01.alicdn.com/kf/HTB1AN7gLpXXXXaCXXXXq6xXFXXXn/pc-596-Shaver-Foil-fits-BRAUN-1000-2000-series-100-205-209-1008-1508-1509-1512.jpg,,,,,
"G5200 Blade Assembly , Blender knife",2050208087,0.1,0.2,0.1,0.5,,"Foshan Shunde Jiangqiang Industry Co., Ltd.",14-22 days,NZ$,32.92,,0,0, Blender Parts,https://www.aliexpress.com/item/G5200-Blade-Assembly-knife-Parts/2050208087.html,965,https://ae01.alicdn.com/kf/HTB1DefEHVXXXXX_XXXXq6xXFXXXU/G5200-Blade-Assembly-Blender-knife.jpg,https://ae01.alicdn.com/kf/HTB1CcHZHVXXXXXlXpXXq6xXFXXXu/G5200-Blade-Assembly-Blender-knife.jpg,,,,
1pcs New 767 800 Stainless Steel Hardened Six Mixing and Cutting TWK jtc 767 800 Blades Knife Ice Crusher for Juicer Ble,32802702792,0.1,0.1,0.08,0.4,"<div style="" margin: 0px; padding: 0px; border: 0px; font-size: 13px; line-height: inherit; font-family: arial; vertical-align: baseline; color: rgb(0, 0, 0); word-wrap: break-word;"">	<h2 style="" margin: 0px; padding: 0px 0px 0px 10px; border: 0px; font-style: inherit; font-weight: 400; font-size: 28px; line-height: 30px; font-family: helvetica, tahoma, arial, sans-serif; vertical-align: baseline; color: rgb(9, 21, 237); background: rgb(239, 244, 250);"">		Product Description 	</h2></div><div style="" margin: 0px; padding: 0px; border: 0px; font-size: 13px; line-height: inherit; font-family: arial; vertical-align: baseline; color: rgb(0, 0, 0); word-wrap: break-word;"">	<span style="" margin: 0px; padding: 0px; border: 0px; font-style: inherit; font-weight: inherit; font-size: inherit; line-height: 18px; vertical-align: baseline;""><span style="" margin: 0px; padding: 0px; border: 0px; font-style: inherit; font-weight: inherit; font-size: 26px; line-height: 39px; vertical-align: baseline;"">Hardened Six Mixing and Cutting TWK 767 800 Blades Knife</span></span></div><div style="" margin: 0px; padding: 0px; border: 0px; font-size: 13px; line-height: inherit; font-family: arial; vertical-align: baseline; color: rgb(0, 0, 0); word-wrap: break-word;"">	<span style="" margin: 0px; padding: 0px; border: 0px; font-style: inherit; font-weight: inherit; font-size: inherit; line-height: 18px; vertical-align: baseline;""><span style="" margin: 0px; padding: 0px; border: 0px; font-style: inherit; font-weight: inherit; font-size: 26px; line-height: 39px; vertical-align: baseline;"">100% brand new!</span></span></div><div style="" margin: 0px; padding: 0px; border: 0px; font-size: 13px; line-height: inherit; font-family: arial; vertical-align: baseline; color: rgb(0, 0, 0); word-wrap: break-word;"">	<span style="" margin: 0px; padding: 0px; border: 0px; font-style: inherit; font-weight: inherit; font-size: inherit; line-height: 18px; vertical-align: baseline;""><span style="" margin: 0px; padding: 0px; border: 0px; font-style: inherit; font-weight: inherit; font-size: 26px; line-height: 39px; vertical-align: baseline;"">Item suitable for TWK TM-767 TM-800,JTC 767,800</span></span></div><div style="" margin: 0px; padding: 0px; border: 0px; font-size: 13px; line-height: inherit; font-family: arial; vertical-align: baseline; color: rgb(0, 0, 0); word-wrap: break-word;"">	<span style="" margin: 0px; padding: 0px; border: 0px; font-style: inherit; font-weight: inherit; font-size: inherit; line-height: 18px; vertical-align: baseline;""><span style="" margin: 0px; padding: 0px; border: 0px; font-style: inherit; font-weight: inherit; font-size: 26px; line-height: 39px; vertical-align: baseline;"">Item pakage include&nbsp;</span></span></div><div style="" margin: 0px; padding: 0px; border: 0px; font-size: 13px; line-height: inherit; font-family: arial; vertical-align: baseline; color: rgb(0, 0, 0); word-wrap: break-word;"">	<span style="" margin: 0px; padding: 0px; border: 0px; font-style: inherit; font-weight: inherit; font-size: inherit; line-height: 18px; vertical-align: baseline;""><span style="" margin: 0px; padding: 0px; border: 0px; font-style: inherit; font-weight: inherit; font-size: 26px; line-height: 39px; vertical-align: baseline;"">1 piece blade</span></span></div><div style="" margin: 0px; padding: 0px; border: 0px; font-size: 13px; line-height: inherit; font-family: arial; vertical-align: baseline; color: rgb(0, 0, 0); word-wrap: break-word;"">	<span style="" margin: 0px; padding: 0px; border: 0px; font-style: inherit; font-weight: inherit; font-size: inherit; line-height: 18px; vertical-align: baseline;""><span style="" margin: 0px; padding: 0px; border: 0px; font-style: inherit; font-weight: inherit; font-size: 26px; line-height: 39px; vertical-align: baseline;"">If you're sure you're right.</span></span></div><div style="" margin: 0px; padding: 0px; border: 0px; font-size: 13px; line-height: inherit; font-family: arial; vertical-align: baseline; color: rgb(0, 0, 0); word-wrap: break-word;"">	<span style="" margin: 0px; padding: 0px; border: 0px; font-style: inherit; font-weight: inherit; font-size: inherit; line-height: 18px; vertical-align: baseline;""><span style="" margin: 0px; padding: 0px; border: 0px; font-style: inherit; font-weight: inherit; font-size: 26px; line-height: 39px; vertical-align: baseline;"">please leave a message to tell us your need ! Thank you !</span></span></div><div style="" margin: 0px; padding: 0px; border: 0px; font-size: 13px; line-height: inherit; font-family: arial; vertical-align: baseline; color: rgb(0, 0, 0); word-wrap: break-word;"">	&nbsp; </div><div style="" margin: 0px; padding: 0px; border: 0px; font-size: 13px; line-height: inherit; font-family: arial; vertical-align: baseline; color: rgb(0, 0, 0); word-wrap: break-word;"">	<span style="" margin: 0px; padding: 0px; border: 0px; font-style: inherit; font-weight: inherit; font-size: inherit; line-height: 18px; vertical-align: baseline;""><span style="" margin: 0px; padding: 0px; border: 0px; font-style: inherit; font-weight: inherit; font-size: 26px; line-height: 39px; vertical-align: baseline;""><img alt=""TB2kUbYoW8lpuFjy0FpXXaGrpXa_!!3019556174"" src=""http://ae01.alicdn.com/kf/HTB18xKuRXXXXXckXFXXq6xXFXXXK.jpg?size=54770&amp;height=800&amp;width=800&amp;hash=c6d1f27b8fa535b246c17ecc0a094f3f""><img alt=""TB2P452o9BjpuFjSsplXXa5MVXa_!!3019556174"" src=""http://ae01.alicdn.com/kf/HTB1QbX6RXXXXXaOapXXq6xXFXXXc.jpg?size=37406&amp;height=800&amp;width=800&amp;hash=7d6785ee868289a7e29e4bf7cd014bc9""><img alt=""TB25Npfr4tmpuFjSZFqXXbHFpXa_!!3019556174"" src=""http://ae01.alicdn.com/kf/HTB1iYKaRXXXXXboaXXXq6xXFXXXh.jpg?size=57257&amp;height=800&amp;width=800&amp;hash=c537a5979ecc4ecf3f5379fee4237878""><img alt=""TB26BWdr90mpuFjSZPiXXbssVXa_!!3019556174"" src=""http://ae01.alicdn.com/kf/HTB1XPeURXXXXXbaXXXXq6xXFXXXr.jpg?size=49769&amp;height=800&amp;width=800&amp;hash=2e73b74b481cd0cb010a0b2451a02349""></span></span></div>",Industry conscience Store,13-20 days,NZ$,13.36,NZ$,23.04,0, Blender Parts,https://www.aliexpress.com/item/1pcs-New-767-800-Stainless-Steel-Hardened-Six-Mixing-and-Cutting-TWK-jtc-767-800-Blades/32802702792.html,20,https://ae01.alicdn.com/kf/HTB1wY5xRXXXXXcwXFXXq6xXFXXXe/1pcs-New-767-800-Stainless-Steel-Hardened-Six-Mixing-and-Cutting-TWK-jtc-767-800-Blades.jpg,https://ae01.alicdn.com/kf/HTB1SFyWRXXXXXaXXXXXq6xXFXXXo/1pcs-New-767-800-Stainless-Steel-Hardened-Six-Mixing-and-Cutting-TWK-jtc-767-800-Blades.jpg,https://ae01.alicdn.com/kf/HTB1WeKJRXXXXXaXXpXXq6xXFXXXo/1pcs-New-767-800-Stainless-Steel-Hardened-Six-Mixing-and-Cutting-TWK-jtc-767-800-Blades.jpg,https://ae01.alicdn.com/kf/HTB1kjupRXXXXXX5XVXXq6xXFXXXe/1pcs-New-767-800-Stainless-Steel-Hardened-Six-Mixing-and-Cutting-TWK-jtc-767-800-Blades.jpg,https://ae01.alicdn.com/kf/HTB131SmRXXXXXczXVXXq6xXFXXXU/1pcs-New-767-800-Stainless-Steel-Hardened-Six-Mixing-and-Cutting-TWK-jtc-767-800-Blades.jpg,
BPA FREE 2L Square Jar container pitcher jug Bottom Cup Commercial smoothies bar blender SPARE PARTS,32756727007,0.21,0.34,0.21,1,,"Focmax Electric Co.,Ltd",17-28 days,NZ$,49.1,,0,0, Blender Parts,https://www.aliexpress.com/item/BPA-FREE-2L-Square-Jar-container-pitcher-jug-Bottom-Cup-Commercial-smoothies-bar-blender-SPARE-PARTS/32756727007.html,936,https://ae01.alicdn.com/kf/HTB1QOeANVXXXXcRXXXXq6xXFXXXZ/BPA-FREE-2L-Square-Jar-container-pitcher-jug-Bottom-Cup-Commercial-smoothies-bar-blender-SPARE-PARTS.jpg,https://ae01.alicdn.com/kf/HTB1KKmhNVXXXXX9XVXXq6xXFXXXY/BPA-FREE-2L-Square-Jar-container-pitcher-jug-Bottom-Cup-Commercial-smoothies-bar-blender-SPARE-PARTS.jpg,https://ae01.alicdn.com/kf/HTB1j.qzNVXXXXbSXXXXq6xXFXXXY/BPA-FREE-2L-Square-Jar-container-pitcher-jug-Bottom-Cup-Commercial-smoothies-bar-blender-SPARE-PARTS.jpg,,,
"Cutting unit for blenders, Model: #J1411, 2 in 1 Stainless stell Blades, FOOD DEGREE",388739912,0.08,0.08,0.06,0.2,"<p>	&nbsp; </p><p>	&nbsp; </p><p>	CUTTING UNIT FOR ALL JTC &amp;&nbsp; VITAMIX BLENDERS </p><p>	ORIGINAL FACTORY DIRECT OFFER </p><p>	SHIPPING FREIGHT IS NOT INCLUDED, THE FREIGHT WILL BE OFFERED ACCORDING TO YOUR Q'TY OF ORDER. </p><p>	TO SHIP WITH BLENDER ORDERS, THE&nbsp;FREIGHT CAN BE MUCH LOWER. (WE HAVE 68% DISCOUNT OFFERED BY UPS) </p><p>	MATERIALS FROM JAPAN AND TAIWAN. </p><p>	STAINLESS STEEL CUTTING UNIT (BLADES) </p><p>	&nbsp; </p><p>	JTC BLENDERS ARE SELLING TO 55 COUNTRIES IN THE WORLD, OEM FOR MORE THEN 100 DIFFERENT BRANDS, NO.1&nbsp; IN&nbsp;QUALITY. </p><p>	&nbsp; </p><p style=""text-align: left"">	<strong><span style=""font-size: 16px""><span style=""font-size: 24px""><span style=""background-color: #ffffff""><span style=""color: #ff0000"">&nbsp;</span></span></span></span></strong></p><p>	&nbsp; </p>",JTC Electronics Corp.,7-15 days,NZ$,27.43,,0,0, Blender Parts,https://www.aliexpress.com/item/CUTTING-UNIT-FOR-BLENDERS-2-IN-1-STAINLESS-STEEL-100-FOOD-DEGREE/388739912.html,531,https://ae01.alicdn.com/kf/HTB16kT6KpXXXXa1XVXXq6xXFXXXh/Cutting-unit-for-blenders-Model-J1411-2-in-1-Stainless-stell-Blades-FOOD-DEGREE.jpg,https://ae01.alicdn.com/kf/HTB17MCgOFXXXXabaXXXq6xXFXXXp/Cutting-unit-for-blenders-Model-J1411-2-in-1-Stainless-stell-Blades-FOOD-DEGREE.jpg,https://ae01.alicdn.com/kf/HTB1hjt.OFXXXXcmapXXq6xXFXXXc/Cutting-unit-for-blenders-Model-J1411-2-in-1-Stainless-stell-Blades-FOOD-DEGREE.jpg,https://ae01.alicdn.com/kf/HTB1wuGVOFXXXXbFXXXXq6xXFXXXy/Cutting-unit-for-blenders-Model-J1411-2-in-1-Stainless-stell-Blades-FOOD-DEGREE.jpg,https://ae01.alicdn.com/kf/HTB12AWHOFXXXXasXFXXq6xXFXXXS/Cutting-unit-for-blenders-Model-J1411-2-in-1-Stainless-stell-Blades-FOOD-DEGREE.jpg,
Soybean machinery general soybean machinery motor 6331 220v 280w variety,1805417933,0.22,0.22,0.11,0.6,"<ul>	<li>		<h2 style=""padding:5px 5px"">			product details 		</h2>	</li></ul><div>	<div>		<div>			<div>				<p>					<img src=""https://ae01.alicdn.com/aetfs/bao/uploaded/i1/194476958/T2kruLXo0aXXXXXXXX_!!194476958.jpg"">				</p>			</div>		</div>		<div>			<div>				<div>					<div>						<p>							<img align=""absMiddle"" src=""https://ae01.alicdn.com/aetfs/imgextra/i1/194476958/T2kruLXo0aXXXXXXXX_!!194476958.jpg"">						</p>					</div>				</div>			</div>		</div>		<div>			<div>				<div>					<div>						<p>							<img align=""absMiddle"" src=""https://ae01.alicdn.com/aetfs/imgextra/i2/194476958/T2IeqIXdpbXXXXXXXX_!!194476958.jpg"">						</p>					</div>				</div>			</div>		</div>	</div></div>",Ningbo Carissa international,15-26 days,NZ$,39.76,,0,0, Blender Parts,https://www.aliexpress.com/item/Soybean-machinery-general-soybean-machinery-motor-6331-220v-280w-variety/1805417933.html,998,https://ae01.alicdn.com/kf/HTB1mWu7KFXXXXbiXXXXq6xXFXXXo/Soybean-machinery-general-soybean-machinery-motor-6331-220v-280w-variety.jpg,,,,,
112 ice crusher food processor blender parts stainless steel knife blade,32728537296,0.21,0.22,0.22,0.25,"<p>	112 &nbsp;ice crusher &nbsp;food processor &nbsp;blender parts stainless steel knife blade&nbsp; </p><p>	<img alt=""L4"" src=""https://ae01.alicdn.com/kf/HTB1J0OFNXXXXXcxapXXq6xXFXXXe/223396726/HTB1J0OFNXXXXXcxapXXq6xXFXXXe.jpg?size=44122&amp;height=471&amp;width=528&amp;hash=b8eea937549073048bf182197c64202e""><img alt=""L3"" src=""https://ae01.alicdn.com/kf/HTB1OxuMNXXXXXcuaXXXq6xXFXXXC/223396726/HTB1OxuMNXXXXXcuaXXXq6xXFXXXC.jpg?size=29414&amp;height=368&amp;width=446&amp;hash=9d3184d7c97d2c95e5af19ed37a0ed16""></p>",Beautiful Shopping World,14-25 days,NZ$,27.42,,0,0, Blender Parts,https://www.aliexpress.com/item/112-ice-crusher-food-processor-blender-parts-stainless-steel-knife-blade/32728537296.html,96,https://ae01.alicdn.com/kf/HTB18UOBNXXXXXbkapXXq6xXFXXXf/112-ice-crusher-food-processor-blender-parts-stainless-steel-knife-blade.jpg,https://ae01.alicdn.com/kf/HTB1ojWJNXXXXXXcapXXq6xXFXXXl/112-ice-crusher-food-processor-blender-parts-stainless-steel-knife-blade.jpg,,,,
commercial blender parts Suitable for JUST BUY blender spare parts drive socket driver gear mushroom coupling complete assembly,32757053904,0.05,0.05,0.05,0.3,"<p>	<strong style=""color: rgb(0, 0, 0); font-family: Verdana, Arial, Helvetica, sans-serif; font-size: 13.3332996368408px; line-height: 14.3999996185303px;""><span style=""color: rgb(255, 0, 0);""><span style=""font-size: 28px;""><span style=""font-family: arial;""><span style=""font-family: tahoma, geneva, sans-serif; font-style: inherit; font-weight: inherit; line-height: 48px;"">Hot Selling Product,Click Picture To Know More:</span></span></span></span></strong></p><p>	<a href=""http://www.aliexpress.com/store/product/BPA-free-3HP-2L-heavy-duty-commercial-blender-professional-power-blender-mixer-juicer-food-processor-with/732744_32678203764.html""><img alt=""guanlian1"" height=""500"" src=""https://ae01.alicdn.com/kf/HTB1Vc.XKFXXXXbrXXXXq6xXFXXXP/206063348/HTB1Vc.XKFXXXXbrXXXXq6xXFXXXP.jpg?size=66542&amp;height=608&amp;width=368&amp;hash=7866cbf98ecf0804f41b6703eecbd034"" style=""border: none;"" width=""300""></a><span style=""color: rgb(0, 0, 0); font-family: arial; font-size: 13.3332996368408px; line-height: 14.3999996185303px;"">&nbsp;&nbsp;</span><a href=""http://www.aliexpress.com/item/Digtial-3HP-BPA-FREE-45000rpm-commercial-blender-grade-professional-smoothies-blender-food-mixer-juicer-same-function/32691355932.html?spm=2114.10010108.1000010.1.R9u9wb&amp;scm=1007.13438.37934.0&amp;pvid=d76a43b4-c76d-4786-b7d8-afffa5830fb0&amp;tpp=1""><img alt=""guanlian2"" height=""500"" src=""https://ae01.alicdn.com/kf/HTB1iLL4KFXXXXcxXpXXq6xXFXXXI/206063348/HTB1iLL4KFXXXXcxXpXXq6xXFXXXI.jpg?size=67748&amp;height=608&amp;width=361&amp;hash=ef6f6b3f55250d78338a4919fa3f37a3"" style=""border: none;"" width=""300""></a><a href=""http://www.aliexpress.com/store/product/AC-450W-Food-Waste-Disposers-kitchen-garbage-disposal-food-crusher-Stainless-steel-Grinder-material-with-Air/732744_32667452336.html""><img alt=""gunalian3"" height=""500"" src=""https://ae01.alicdn.com/kf/HTB1DtLUKFXXXXXiXVXXq6xXFXXXU/206063348/HTB1DtLUKFXXXXXiXVXXq6xXFXXXU.jpg?size=50399&amp;height=608&amp;width=373&amp;hash=55237a11f0facc44cadaddef42da5489"" style=""border: none;"" width=""300""></a></p><p>	&nbsp; </p><p>	&nbsp; </p><p>	<img alt=""HTB1YT9GNpXXXXc.apXXq6xXFXXX7"" src=""https://ae01.alicdn.com/kf/HTB1TtcqNVXXXXXiXpXXq6xXFXXX7/220045034/HTB1TtcqNVXXXXXiXpXXq6xXFXXX7.jpg?size=88874&amp;height=800&amp;width=800&amp;hash=c2ab3f3fa2ae154a05706d9046590e68""></p><p>	<img alt=""QQ20161026155957"" src=""https://ae01.alicdn.com/kf/HTB171f3NVXXXXXzaXXXq6xXFXXXl/220045034/HTB171f3NVXXXXXzaXXXq6xXFXXXl.jpg?size=47890&amp;height=305&amp;width=782&amp;hash=f923a54a4c2cf0abe5f486f019f2d862""></p><p>	<img alt=""QQ20160622180334"" src=""https://ae01.alicdn.com/kf/HTB1zpAwNVXXXXauXXXXq6xXFXXX0/220045034/HTB1zpAwNVXXXXauXXXXq6xXFXXX0.jpg?size=79688&amp;height=562&amp;width=1000&amp;hash=aeb61ee0c4f30950180123f11177e2f6""><img alt=""QQ20160622180330"" src=""https://ae01.alicdn.com/kf/HTB1rJf7NVXXXXb8XFXXq6xXFXXXv/220045034/HTB1rJf7NVXXXXb8XFXXq6xXFXXXv.jpg?size=61507&amp;height=562&amp;width=1000&amp;hash=da31bf723a99ee71d299cc3e567a4d05""></p><p>	<span style=""color: rgb(0, 176, 80);""><span style=""font-size: 20px;""><strong>Payment:</strong></span></span></p><p>	<span style=""font-size: 14px;""><span style=""font-family: arial, helvetica, sans-serif;"">1)We&nbsp;accept&nbsp;Alipay,&nbsp;West&nbsp;Union,&nbsp;TT.&nbsp;All&nbsp;major&nbsp;credit&nbsp;cards&nbsp;are&nbsp;accepted&nbsp;through&nbsp;secure&nbsp;payment&nbsp;processor&nbsp;ESCROW.</span></span></p><p>	<span style=""font-size: 14px;""><span style=""font-family: arial, helvetica, sans-serif;"">2)Payment&nbsp;must&nbsp;be&nbsp;made&nbsp;within&nbsp;3&nbsp;days&nbsp;of&nbsp;order.</span></span></p><p>	<span style=""color: rgb(0, 176, 80);""><span style=""font-size: 20px;""><strong><span style=""font-family: arial, helvetica, sans-serif;"">Warranty:</span></strong></span></span></p><p>	<span style=""font-size: 14px;""><span style=""font-family: arial, helvetica, sans-serif;"">1)All&nbsp;of&nbsp;the&nbsp;items&nbsp;will&nbsp;have&nbsp;test&nbsp;before&nbsp;ship&nbsp;to&nbsp;you,carried&nbsp;with&nbsp;fully&nbsp;at&nbsp;least&nbsp;12&nbsp;months&nbsp;warranty.</span></span></p><p>	<span style=""font-size: 14px;""><span style=""font-family: arial, helvetica, sans-serif;"">2)During&nbsp;warranty&nbsp;period,&nbsp;if&nbsp;any&nbsp;problem&nbsp;happens&nbsp;due&nbsp;to&nbsp;quality&nbsp;reason,&nbsp;please&nbsp;be&nbsp;cooperative&nbsp;to&nbsp;take&nbsp;photos&nbsp;or</span></span></p><p>	<span style=""font-size: 14px;""><span style=""font-family: arial, helvetica, sans-serif;"">&nbsp;videos&nbsp;on&nbsp;the&nbsp;problem&nbsp;and&nbsp;send&nbsp;to&nbsp;us&nbsp;for&nbsp;verifying.</span></span></p><p>	<span style=""font-size: 14px;""><span style=""font-family: arial, helvetica, sans-serif;"">3)For&nbsp;confirmed&nbsp;product&nbsp;faulty&nbsp;on&nbsp;your&nbsp;approval,&nbsp;we&nbsp;can&nbsp;send&nbsp;you&nbsp;replacement&nbsp;parts&nbsp;free&nbsp;of&nbsp;charge.</span></span></p><p>	<span style=""color: rgb(0, 176, 80);""><span style=""font-size: 20px;""><strong>Feed back:</strong></span></span></p><p>	<span style=""font-size: 14px;""><span style=""font-family: arial, helvetica, sans-serif;"">1)We&nbsp;will&nbsp;always&nbsp;do&nbsp;our&nbsp;best&nbsp;to&nbsp;service&nbsp;and&nbsp;always&nbsp;to&nbsp;provide&nbsp;the&nbsp;best&nbsp;quality&nbsp;goods&nbsp;to&nbsp;every&nbsp;customer,&nbsp;if&nbsp;you&nbsp;satisfy</span></span></p><p>	<span style=""font-size: 14px;""><span style=""font-family: arial, helvetica, sans-serif;"">&nbsp;with&nbsp;our&nbsp;service,our&nbsp;products&nbsp;pls&nbsp;do&nbsp;not&nbsp;hesitate&nbsp;to&nbsp;leave&nbsp;us&nbsp;positive&nbsp;feed&nbsp;back</span></span></p><p>	<span style=""font-size: 14px;""><span style=""font-family: arial, helvetica, sans-serif;"">2)If&nbsp;you&nbsp;have&nbsp;any&nbsp;questions&nbsp;about&nbsp;service&nbsp;or&nbsp;products,pls&nbsp;contact&nbsp;us&nbsp;freely,we&nbsp;will&nbsp;be&nbsp;sincerely&nbsp;to&nbsp;satisfy&nbsp;you,&nbsp;it&nbsp;is&nbsp;our</span></span></p><p>	<span style=""font-size: 14px;""><span style=""font-family: arial, helvetica, sans-serif;"">&nbsp;responsibility,Just&nbsp;not&nbsp;leave&nbsp;negative&nbsp;feedback&nbsp;without&nbsp;contacting&nbsp;us.Thanks</span>.</span></p><p>	<span style=""color: rgb(0, 176, 80);""><span style=""font-size: 20px;""><strong><span style=""font-family: arial, helvetica, sans-serif;"">Shippment:</span></strong></span></span></p><p>	<span style=""font-size: 14px;""><span style=""font-family: arial, helvetica, sans-serif;"">1)Orders&nbsp;processed&nbsp;timely&nbsp;after&nbsp;the&nbsp;payment&nbsp;verification,usual&nbsp;it&nbsp;cost&nbsp;24&nbsp;hours&nbsp;for&nbsp;us&nbsp;to&nbsp;get&nbsp;the&nbsp;pay.</span></span></p><p>	<span style=""font-size: 14px;""><span style=""font-family: arial, helvetica, sans-serif;"">2)Your&nbsp;order&nbsp;address&nbsp;MUST&nbsp;MATCH&nbsp;your&nbsp;Shipping&nbsp;address,&nbsp;we&nbsp;need&nbsp;your&nbsp;right&nbsp;phone&nbsp;NO.&nbsp;to</span></span></p><p>	<span style=""font-size: 14px;""><span style=""font-family: arial, helvetica, sans-serif;"">&nbsp;make&nbsp;sure&nbsp;the&nbsp;items&nbsp;you&nbsp;will&nbsp;reach.</span></span></p><p>	<span style=""font-size: 14px;""><span style=""font-family: arial, helvetica, sans-serif;"">3)We&nbsp;will&nbsp;ship&nbsp;by&nbsp;DHL&nbsp;or&nbsp;FedEx&nbsp;IE,sometime&nbsp;you&nbsp;chose&nbsp;DHL&nbsp;we&nbsp;may&nbsp;by&nbsp;FedEx&nbsp;IE,some&nbsp;time&nbsp;you&nbsp;chose&nbsp;FedEx&nbsp;IE,</span></span></p><p>	<span style=""font-size: 14px;""><span style=""font-family: arial, helvetica, sans-serif;"">we&nbsp;may&nbsp;by&nbsp;DHL,it&nbsp;depends&nbsp;on&nbsp;situation,pls&nbsp;confirm&nbsp;you&nbsp;can&nbsp;accept.To&nbsp;Russia&nbsp;we&nbsp;will&nbsp;ship&nbsp;by&nbsp;139express.</span></span></p><p>	<span style=""font-size: 14px;""><span style=""font-family: arial, helvetica, sans-serif;"">4)Once&nbsp;we&nbsp;ship&nbsp;out,&nbsp;we&nbsp;will&nbsp;tracking&nbsp;the&nbsp;items&nbsp;for&nbsp;you,and&nbsp;let&nbsp;you&nbsp;know&nbsp;the&nbsp;lastest&nbsp;news.</span></span></p><div>	&nbsp; </div>",Commercial Blender,14-25 days,NZ$,9.33,,0,0, Blender Parts,https://www.aliexpress.com/item/commercial-blender-parts-Suitable-for-JUST-BUY-blender-spare-parts-drive-socket-driver-gear-mushroom-coupling/32757053904.html,13,https://ae01.alicdn.com/kf/HTB1PbY6NVXXXXahXVXXq6xXFXXX5/commercial-blender-parts-Suitable-for-JUST-BUY-blender-spare-parts-drive-socket-driver-gear-mushroom-coupling.jpg,https://ae01.alicdn.com/kf/HTB1ZZ3jNVXXXXc2XpXXq6xXFXXX2/commercial-blender-parts-Suitable-for-JUST-BUY-blender-spare-parts-drive-socket-driver-gear-mushroom-coupling.jpg,,,,
Commercial blender socket spare parts 767,32674404640,0.3,0.2,0.1,0.2,3232323,Ying Qin ok,13-38 days,NZ$,7.52,NZ$,12.33,0, Blender Parts,https://www.aliexpress.com/item/Commercial-blender-socket-spare-parts-767-drive-socket-driver-gear-mushroom-coupling-complete-assembly/32674404640.html,5123,https://ae01.alicdn.com/kf/HTB1Tp9CKXXXXXXOXFXXq6xXFXXXj/Commercial-blender-socket-spare-parts-767-drive-socket-driver-gear-mushroom-coupling-complete-assembly.jpg,https://ae01.alicdn.com/kf/HTB14hWDKXXXXXceXpXXq6xXFXXXJ/Commercial-blender-socket-spare-parts-767-drive-socket-driver-gear-mushroom-coupling-complete-assembly.jpg,https://ae01.alicdn.com/kf/HTB1ey9sKXXXXXa8XVXXq6xXFXXXw/Commercial-blender-socket-spare-parts-767-drive-socket-driver-gear-mushroom-coupling-complete-assembly.jpg,https://ae01.alicdn.com/kf/HTB1G0SsKXXXXXbOXVXXq6xXFXXXp/Commercial-blender-socket-spare-parts-767-drive-socket-driver-gear-mushroom-coupling-complete-assembly.jpg,https://ae01.alicdn.com/kf/HTB1fyKJKXXXXXaVXpXXq6xXFXXXT/Commercial-blender-socket-spare-parts-767-drive-socket-driver-gear-mushroom-coupling-complete-assembly.jpg,
Plastic Stainless Steel Transparent silver black Blender Blade + Cup Set Blender Part Replacement,32754705322,0.18,0.09,0.09,0.23,<div class="loading32"></div>,WarmHome Appliance Shop,14-25 days,NZ$,12.9,NZ$,21.49,0, Blender Parts,https://www.aliexpress.com/item/Plastic-Stainless-Steel-Transparent-silver-black-Blender-Blade-Cup-Set-Blender-Part-Replacement-For-Magic-Bullet/32754705322.html,77,https://ae01.alicdn.com/kf/HTB16rbhPpXXXXXpXFXXq6xXFXXX3/Plastic-Stainless-Steel-Transparent-silver-black-Blender-Blade-Cup-Set-Blender-Part-Replacement-For-Magic-Bullet.jpg,https://ae01.alicdn.com/kf/HTB1U4ivNVXXXXbRapXXq6xXFXXXO/Plastic-Stainless-Steel-Transparent-silver-black-Blender-Blade-Cup-Set-Blender-Part-Replacement-For-Magic-Bullet.jpg,https://ae01.alicdn.com/kf/HTB1Zxy9NVXXXXaxXXXXq6xXFXXXv/Plastic-Stainless-Steel-Transparent-silver-black-Blender-Blade-Cup-Set-Blender-Part-Replacement-For-Magic-Bullet.jpg,https://ae01.alicdn.com/kf/HTB1hvWWNVXXXXbiXpXXq6xXFXXXt/Plastic-Stainless-Steel-Transparent-silver-black-Blender-Blade-Cup-Set-Blender-Part-Replacement-For-Magic-Bullet.jpg,https://ae01.alicdn.com/kf/HTB1lsC7NVXXXXbIXXXXq6xXFXXXT/Plastic-Stainless-Steel-Transparent-silver-black-Blender-Blade-Cup-Set-Blender-Part-Replacement-For-Magic-Bullet.jpg,https://ae01.alicdn.com/kf/HTB1a0WUNVXXXXaoXFXXq6xXFXXXZ/Plastic-Stainless-Steel-Transparent-silver-black-Blender-Blade-Cup-Set-Blender-Part-Replacement-For-Magic-Bullet.jpg
New 767 800 Stainless Steel Hardened Six Mixing and Cutting TWK jtc 767 800 ,32621983348,0.3,0.15,0.1,0.12,<div class="loading32"></div>,WF Factory,13-20 days,NZ$,13.58,NZ$,16.97,0, Blender Parts,https://www.aliexpress.com/item/767-800-Stainless-Steel-Hardened-Six-Mixing-and-Cutting-TWK-767-800/32621983348.html,35,https://ae01.alicdn.com/kf/HTB1iMBYJVXXXXcQaXXXq6xXFXXXE/New-767-800-Stainless-Steel-Hardened-Six-Mixing-and-Cutting-TWK-jtc-767-800-Blades-Knife.jpg,https://ae01.alicdn.com/kf/HTB1TkelLVXXXXaEaXXXq6xXFXXXO/New-767-800-Stainless-Steel-Hardened-Six-Mixing-and-Cutting-TWK-jtc-767-800-Blades-Knife.jpg,https://ae01.alicdn.com/kf/HTB1IByELVXXXXc0XXXXq6xXFXXXc/New-767-800-Stainless-Steel-Hardened-Six-Mixing-and-Cutting-TWK-jtc-767-800-Blades-Knife.jpg,,,
767 800 Stainless Steel Hardened Six Mixing and Cutting TWK 767 800 Blades Knife Ice Crusher Blades Blender Spare Parts,32492657785,0.01,0.01,0.01,0.2,"<div>	<span style=""color: rgb(192, 0, 0);""><span style=""font-family: arial, helvetica, sans-serif;""><span style=""font-size: 22px;"">Hardened Six Mixing and Cutting TWK 767 800 Blades Knife</span></span></span></div><div>	&nbsp; </div><div>	&nbsp; </div><div>	<span style=""color: rgb(192, 0, 0);""><span style=""font-family: arial, helvetica, sans-serif;""><span style=""font-size: 22px;"">100% brand new!</span></span></span></div><div>	&nbsp; </div><div>	<span style=""color: rgb(192, 0, 0);""><span style=""font-family: arial, helvetica, sans-serif;""><span style=""font-size: 22px;"">Item suitable for TWK TM-767 TM-800,JTC 767,800</span></span></span></div><div>	&nbsp; </div><div>	<span style=""color: rgb(192, 0, 0);""><span style=""font-family: arial, helvetica, sans-serif;""><span style=""font-size: 22px;"">Item pakage include 1 piece blade</span></span></span></div><div>	&nbsp; </div><div>	<span style=""color: rgb(192, 0, 0);""><span style=""font-family: arial, helvetica, sans-serif;""><span style=""font-size: 22px;"">NOTE:please leave a message to tell us your need,otherwise we randomly send! Thank you !</span></span></span></div><div style=""text-align: center;"">	<img alt=""767 800 Stainless Steel Hardened Six Mixing and Cutting TWK 767 800 Blades Knife Ice Crusher Blades Blender Spare Parts (1)"" src=""https://ae01.alicdn.com/kf/HTB1YBfdJVXXXXcjXXXXq6xXFXXXC/224770321/HTB1YBfdJVXXXXcjXXXXq6xXFXXXC.jpg?size=89590&amp;height=679&amp;width=800&amp;hash=19a81a64d301ef02cdd4bfe0a47791be""></div><div style=""text-align: center;"">	<img alt=""767 800 Stainless Steel Hardened Six Mixing and Cutting TWK 767 800 Blades Knife Ice Crusher Blades Blender Spare Parts (3)"" src=""https://ae01.alicdn.com/kf/HTB1OIK_JVXXXXabXpXXq6xXFXXXd/224770321/HTB1OIK_JVXXXXabXpXXq6xXFXXXd.jpg?size=68611&amp;height=683&amp;width=800&amp;hash=58be3e2484efac2ffb9a0eece7939c67""></div><div style=""text-align: center;"">	<img alt=""767 800 Stainless Steel Hardened Six Mixing and Cutting TWK 767 800 Blades Knife Ice Crusher Blades Blender Spare Parts (2)"" src=""https://ae01.alicdn.com/kf/HTB1GMPdJVXXXXbOXXXXq6xXFXXXL/224770321/HTB1GMPdJVXXXXbOXXXXq6xXFXXXL.jpg?size=68114&amp;height=642&amp;width=800&amp;hash=e8969825d8e3cdeb1f487a7f1246168c""></div>",Ying Qi,13-20 days,NZ$,13.58,NZ$,27.14,0, Blender Parts,https://www.aliexpress.com/item/767-800-Stainless-Steel-Hardened-Six-Mixing-and-Cutting-TWK-767-800-Blades-Knifer/32492657785.html,0,https://ae01.alicdn.com/kf/HTB1apO8JVXXXXcMXpXXq6xXFXXX9/767-800-Stainless-Steel-Hardened-Six-Mixing-and-Cutting-TWK-767-800-Blades-Knife-Ice-Crusher.jpg,https://ae01.alicdn.com/kf/HTB1SP0aJFXXXXbJXVXXq6xXFXXX5/767-800-Stainless-Steel-Hardened-Six-Mixing-and-Cutting-TWK-767-800-Blades-Knife-Ice-Crusher.jpg,https://ae01.alicdn.com/kf/HTB1wNbeJVXXXXbZXXXXq6xXFXXX3/767-800-Stainless-Steel-Hardened-Six-Mixing-and-Cutting-TWK-767-800-Blades-Knife-Ice-Crusher.jpg,,,
